,style,layer,dist
0,0,0,0.32067937646309885
1,0,0,0.34080868395710495
2,0,0,0.13696011157569243
3,0,0,0.19192561920617768
4,0,0,0.782938685767585
5,0,0,0.4584978925972527
6,0,0,0.11007082915614608
7,0,0,0.7928944026819778
8,0,0,0.23246968991997008
9,0,0,0.1945691074925615
10,0,0,0.12151930678348477
11,0,0,0.6416198399472358
12,0,0,0.22834841448437748
13,0,0,0.24065110554647984
14,0,0,0.4257571857165423
15,0,0,0.4553971207699534
16,0,0,0.7072772878896016
17,0,0,0.475399631757604
18,0,0,0.13862257381187426
19,0,0,0.199373339096093
20,0,0,0.6972418000089029
21,0,0,0.40883554902093633
22,0,0,0.27254179749980856
23,0,0,0.6293660284418051
24,0,0,0.225340198461919
25,0,0,0.23897821971233935
26,0,0,0.32606058922553727
27,0,0,0.47148959216431197
28,0,0,0.2759249575377193
29,0,0,0.1424179290610481
30,0,0,0.4020378756969003
31,0,0,0.37708452449711105
32,0,0,0.12089418123155271
33,0,0,0.16554127004030006
34,0,0,0.7003375170182068
35,0,0,0.24632395402162643
36,0,0,0.15534977278351791
37,0,0,0.3943605576416863
38,0,0,0.3068916329271947
39,0,0,0.17831671643516556
40,0,0,0.4752551500579676
41,0,0,0.6377342921337018
42,0,0,0.11930978066567222
43,0,0,0.2668198770380832
44,0,0,0.12202221832391702
45,0,0,0.13011450065091001
46,0,0,0.2540845945436352
47,0,0,0.3900086930130351
48,0,0,0.15340178639875468
49,0,0,0.5056136401189055
50,0,0,0.17607746555309778
51,0,1,0.20372399658916862
52,0,1,0.4540350159912788
53,0,1,0.13058362712703941
54,0,1,0.3905613714404499
55,0,1,0.7230664417545327
56,0,1,0.5714722426883734
57,0,1,0.10927943286442265
58,0,1,0.4886009683803323
59,0,1,0.2797653591099276
60,0,1,0.31630920628961157
61,0,1,0.12409590666475712
62,0,1,0.6673280919595633
63,0,1,0.16105229611624117
64,0,1,0.29441253745821494
65,0,1,0.5617045218523609
66,0,1,0.4737716914865334
67,0,1,0.5199429768441495
68,0,1,0.482460520497633
69,0,1,0.13182832578957815
70,0,1,0.24826870188512729
71,0,1,0.45938616027720836
72,0,1,0.19651212084110503
73,0,1,0.32322208689229126
74,0,1,0.5299125679500429
75,0,1,0.2976441827067735
76,0,1,0.310310568969022
77,0,1,0.503688318531255
78,0,1,0.5073091175166577
79,0,1,0.3570344818892688
80,0,1,0.12110741814868897
81,0,1,0.3975011479690028
82,0,1,0.4185391038427221
83,0,1,0.11001831077087498
84,0,1,0.4360911827643762
85,0,1,0.4697718397402899
86,0,1,0.21971979644242412
87,0,1,0.09263202012746441
88,0,1,0.43270785570305315
89,0,1,0.30692276010740493
90,0,1,0.22186465058414306
91,0,1,0.41004842713791156
92,0,1,0.4523495428242218
93,0,1,0.15274205126103035
94,0,1,0.237068454941873
95,0,1,0.17567455771063112
96,0,1,0.1101493854014034
97,0,1,0.28154113455004415
98,0,1,0.5249364950819805
99,0,1,0.15404509824247548
100,0,1,0.7123207994987983
101,0,1,0.18659112554006552
102,0,2,0.15523414827958137
103,0,2,0.44702595719805815
104,0,2,0.12940871931111375
105,0,2,0.8016509234770106
106,0,2,0.5566817702079991
107,0,2,0.5795631413754749
108,0,2,0.1375641721921712
109,0,2,0.8197723148646245
110,0,2,0.354509118687818
111,0,2,0.4383107227808649
112,0,2,0.19143718672391252
113,0,2,0.690884443782777
114,0,2,0.17404499190519773
115,0,2,0.3233760799846892
116,0,2,0.3611781754014163
117,0,2,0.6543834204815521
118,0,2,0.48553349554247216
119,0,2,0.3843803829370306
120,0,2,0.1365937837547203
121,0,2,0.19008899302100202
122,0,2,0.30237632181954255
123,0,2,0.09203967329955243
124,0,2,0.36582142746521595
125,0,2,0.6875003637461299
126,0,2,0.3086419299492117
127,0,2,0.37575910050874584
128,0,2,0.46374245432458916
129,0,2,0.43285845010486956
130,0,2,0.33387716910067267
131,0,2,0.09113637999674562
132,0,2,0.41331895713393896
133,0,2,0.31109074045640916
134,0,2,0.08761714860878
135,0,2,0.3173013584571067
136,0,2,0.34292532045857516
137,0,2,0.23553762568568282
138,0,2,0.04959001668575547
139,0,2,0.35788851469541005
140,0,2,0.25524840404669547
141,0,2,0.1974985722848811
142,0,2,0.5845983842731723
143,0,2,0.42342720933241584
144,0,2,0.25316201733473687
145,0,2,0.29903423524151096
146,0,2,0.17573904988143907
147,0,2,0.07741945391831728
148,0,2,0.2799618004177422
149,0,2,0.5888981150653501
150,0,2,0.18505088691860772
151,0,2,0.8265658119926598
152,0,2,0.22314175951054194
153,0,3,0.7521620555860097
154,0,3,1.03481889590982
155,0,3,0.19635644639136474
156,0,3,0.1315898391863295
157,0,3,0.31744625389996806
158,0,3,0.07412360790611272
159,0,3,0.6807306664050574
160,0,3,0.15348315209967422
161,0,3,0.24578995004354853
162,0,3,0.14011328225792408
163,0,3,0.6409684546200215
164,0,3,0.5080155021616278
165,0,3,0.1823771786537829
166,0,3,0.5733975994284675
167,0,3,0.07714399609155287
168,0,3,0.46640852385647014
169,0,3,0.7715267438933683
170,0,3,0.4560268585513172
171,0,3,0.23457874612633156
172,0,3,0.5020317792786737
173,0,3,0.12723706102752919
174,0,3,0.2920835655347849
175,0,3,0.4849077164168665
176,0,3,1.5905293771690416
177,0,3,0.5871634922617771
178,0,3,0.6501645392365307
179,0,3,0.8003273602565956
180,0,3,0.48353741331385325
181,0,3,0.6026525532420489
182,0,3,0.15893467077476786
183,0,3,1.3523532578025783
184,0,3,0.8579124443245871
185,0,3,0.23397839927041186
186,0,3,0.09671980401320668
187,0,3,1.5011019088583084
188,0,3,0.43593384294846227
189,0,3,1.1769502428441196
190,0,3,0.9141903021676681
191,0,3,0.8582345499286615
192,0,3,0.6272236452076714
193,0,3,0.9188965169700724
194,0,3,0.6123724525836457
195,0,3,0.33896566912032444
196,0,3,0.4430616226989046
197,0,3,0.0877689496309686
198,0,3,0.1722663452495763
199,0,3,0.4881033407173929
200,0,3,1.1138698745452815
201,0,3,0.9373001451349234
202,0,3,0.5155374460312254
203,0,3,0.5046277797890744
204,0,4,0.7224819358814282
205,0,4,0.6080303878154911
206,0,4,0.7909374631448265
207,0,4,0.7385929084979252
208,0,4,0.5524444165041222
209,0,4,0.21160934240923113
210,0,4,0.654126084756791
211,0,4,0.3644831326367354
212,0,4,0.6291336581060738
213,0,4,0.3800819612368649
214,0,4,0.3624898766753861
215,0,4,0.6110248832935725
216,0,4,1.2831148268657735
217,0,4,0.3248901027508132
218,0,4,0.35647700761863754
219,0,4,0.14091963369211868
220,0,4,0.7090432719632569
221,0,4,1.0296355196121503
222,0,4,0.14697417841604
223,0,4,0.456508851211069
224,0,4,0.5360859623974029
225,0,4,0.8137702435315318
226,0,4,0.6267559651920305
227,0,4,1.2468661588468601
228,0,4,0.4759820809563001
229,0,4,0.9198303311716571
230,0,4,1.5542439731193862
231,0,4,1.1857621176683009
232,0,4,0.9797253427504329
233,0,4,0.18319776733890014
234,0,4,0.9704304562931295
235,0,4,1.0697393367631898
236,0,4,0.09730801189434679
237,0,4,0.1983290901315612
238,0,4,0.6359544356192722
239,0,4,0.5263762965413492
240,0,4,1.0912474896182645
241,0,4,1.159651466533713
242,0,4,0.7091589793511576
243,0,4,0.191270771354476
244,0,4,0.6239029295500065
245,0,4,1.5586411825217537
246,0,4,0.6943048808790471
247,0,4,0.21886580521133825
248,0,4,0.8593342093383292
249,0,4,0.11806820378548111
250,0,4,0.03573499602907049
251,0,4,0.6549574653648046
252,0,4,0.32578412305415316
253,0,4,1.5057584757420066
254,0,4,0.23816183544912528
255,0,5,0.5044270902865156
256,0,5,0.4013453754366635
257,0,5,0.27570304541321167
258,0,5,0.5214906681658543
259,0,5,0.6651491010181672
260,0,5,0.6885108405524392
261,0,5,0.3758289474722478
262,0,5,0.7240293970984133
263,0,5,0.4174491037889614
264,0,5,0.5767939354005431
265,0,5,0.3668343458468757
266,0,5,0.5888172927170365
267,0,5,0.4466234721143709
268,0,5,0.467207756444628
269,0,5,0.3608664992459175
270,0,5,0.7357751436388675
271,0,5,0.632320563245174
272,0,5,0.7240463395165917
273,0,5,0.3316735976625451
274,0,5,0.2993006075096629
275,0,5,0.4331510305676196
276,0,5,0.6755878950502515
277,0,5,0.5821325199228388
278,0,5,0.5767898971689875
279,0,5,0.4122537069920459
280,0,5,0.37831527965056666
281,0,5,0.271719662356249
282,0,5,0.7425436962571266
283,0,5,0.3752042258517797
284,0,5,0.43450223481031713
285,0,5,0.4651147646203093
286,0,5,0.39385831725103526
287,0,5,0.41463117752516954
288,0,5,0.5436600603468364
289,0,5,0.7444683895326452
290,0,5,0.5204212009987309
291,0,5,0.6242481261160603
292,0,5,0.18342354363621072
293,0,5,0.28460427650890807
294,0,5,0.5628749535399495
295,0,5,0.6653963851997735
296,0,5,0.7967050131832685
297,0,5,0.4861752187961468
298,0,5,0.43836270738551353
299,0,5,0.33660216451757285
300,0,5,0.4941637898061233
301,0,5,0.4261080883480388
302,0,5,0.3243191202100859
303,0,5,0.6823743755593157
304,0,5,0.18255059530684314
305,0,5,0.6200054002593967
306,0,6,0.4261478465537927
307,0,6,0.4141284542305954
308,0,6,0.2305673479833492
309,0,6,0.5387241348448921
310,0,6,0.6433524336686725
311,0,6,0.7047920307425632
312,0,6,0.3810458131768595
313,0,6,0.6726591283578445
314,0,6,0.3769416159345961
315,0,6,0.534800715447245
316,0,6,0.3399865550588901
317,0,6,0.5339340359796079
318,0,6,0.3325505742741265
319,0,6,0.41710478354164016
320,0,6,0.3229488355536303
321,0,6,0.7157846854071794
322,0,6,0.6619000069292769
323,0,6,0.8096679245858887
324,0,6,0.3489521971363361
325,0,6,0.23594503118639487
326,0,6,0.36628382400155823
327,0,6,0.6051916440484797
328,0,6,0.626952813554822
329,0,6,0.5360657863037712
330,0,6,0.3981589383604801
331,0,6,0.3958811874698779
332,0,6,0.2624399271018707
333,0,6,0.770835749430217
334,0,6,0.3791308732873784
335,0,6,0.4130987645859876
336,0,6,0.4720368272267479
337,0,6,0.4343224080881717
338,0,6,0.43324077743985057
339,0,6,0.5305944897226549
340,0,6,0.7123852349949285
341,0,6,0.5458945327230162
342,0,6,0.6297286737733561
343,0,6,0.15245542012220903
344,0,6,0.29376824285181957
345,0,6,0.573795216222585
346,0,6,0.5485744506974165
347,0,6,0.8267702172453952
348,0,6,0.5193661415280784
349,0,6,0.47592787546707616
350,0,6,0.30948466234241256
351,0,6,0.48686171997145467
352,0,6,0.3824778061943992
353,0,6,0.32211029201489083
354,0,6,0.7646585245445905
355,0,6,0.16208389513610777
356,0,6,0.649378370318388
357,1,0,0.1775668477072474
358,1,0,0.5558348329996036
359,1,0,0.34793498916224364
360,1,0,0.3932584399460013
361,1,0,0.13585863306972557
362,1,0,0.19187834796930558
363,1,0,0.9719788541411631
364,1,0,0.45348655981836705
365,1,0,0.6698896322642496
366,1,0,0.23667226126429197
367,1,0,0.3010746085008442
368,1,0,0.26415378685915125
369,1,0,0.4719102143967968
370,1,0,0.38211692055213886
371,1,0,0.15055137881295244
372,1,0,0.19661907660025535
373,1,0,0.36384603018264505
374,1,0,0.807129605656506
375,1,0,0.8340606528913654
376,1,0,0.3462376609672908
377,1,0,0.29762939510976905
378,1,0,0.37616879595401054
379,1,0,0.5937417574076824
380,1,0,1.0430091275030975
381,1,0,0.13442645240911755
382,1,0,0.14611024491741387
383,1,0,0.5476243254712536
384,1,0,0.2682363605483944
385,1,0,0.6053946472461103
386,1,0,0.33489456907359816
387,1,0,0.049903131582790805
388,1,0,0.3355597973901733
389,1,0,0.28667616601266543
390,1,0,0.4499139834507784
391,1,0,0.2614702894848774
392,1,0,0.3357574735408573
393,1,0,0.30536633146068315
394,1,0,0.25359797851631394
395,1,0,0.6177913729126586
396,1,0,0.2628492726242153
397,1,0,0.3938436072702073
398,1,0,0.5721272565690271
399,1,0,0.16463313895043663
400,1,0,0.05800087441895019
401,1,0,0.3971003372869697
402,1,0,0.19612705553330112
403,1,0,0.8621390205053718
404,1,0,0.4871976650802401
405,1,0,0.12516767351120361
406,1,0,0.3566663907787796
407,1,0,0.956853055298121
408,1,0,0.7003375170182068
409,1,0,0.9028327260083282
410,1,0,0.49311318697133055
411,1,0,0.18268681351407645
412,1,0,0.5443025866249153
413,1,0,1.1231201180666568
414,1,0,0.33303268728953195
415,1,0,0.5225905377444245
416,1,0,0.4770550884699969
417,1,0,0.308926466034919
418,1,0,0.3361590318764649
419,1,0,0.8052511868026115
420,1,0,0.7262382731887036
421,1,0,0.3759128014180353
422,1,0,0.43559907230238504
423,1,0,0.44038237241192557
424,1,0,0.43059901552921986
425,1,0,0.10913019493957032
426,1,0,0.34576135679042797
427,1,0,0.4688041134642882
428,1,0,0.5558090357585017
429,1,0,0.8837806112456412
430,1,0,0.08674710797920782
431,1,0,0.16280289000916714
432,1,0,0.5513620312544312
433,1,0,0.07721337084827151
434,1,0,0.39823769823218336
435,1,0,0.34479627451076433
436,1,0,0.1920985915415685
437,1,0,0.4411112513671869
438,1,0,0.2243990345787158
439,1,0,0.2576665844892688
440,1,0,0.24547375355682
441,1,0,0.25451303544362536
442,1,0,0.26292399498197905
443,1,0,0.18941605832634356
444,1,0,0.40883554902093633
445,1,0,0.4107073891248605
446,1,0,0.39909290351964
447,1,0,0.9102750893426703
448,1,0,0.09978795204587021
449,1,0,0.6940875223135431
450,1,0,0.4260797749050018
451,1,0,0.18891972711491278
452,1,0,0.0517427719629715
453,1,0,0.19416321624102006
454,1,0,0.4486327516658217
455,1,0,0.9280427953269721
456,1,0,0.27128721828273505
457,1,0,0.1145658878127972
458,1,0,0.06390252454231182
459,1,0,0.8011436229446041
460,1,0,0.4091612882707214
461,1,0,0.8115656006437094
462,1,0,0.6881891098602937
463,1,0,0.14604300419216587
464,1,0,0.20207443244768952
465,1,0,0.20694317041173627
466,1,0,0.19168610411320508
467,1,0,0.4565009120166833
468,1,0,0.4556136756309117
469,1,0,0.17035088026385647
470,1,0,0.3392550017602457
471,1,0,0.11999024342445352
472,1,0,0.3189846553048663
473,1,0,0.09894103943648047
474,1,0,1.005907210559623
475,1,0,0.3689823332546557
476,1,0,0.06934665189257405
477,1,0,0.43296012943996587
478,1,0,0.18818279251553172
479,1,0,0.1433311431046449
480,1,0,0.6476111882896877
481,1,0,0.21942889599140147
482,1,0,0.24632395402162643
483,1,0,0.2488970822195249
484,1,0,0.29895952156937333
485,1,0,0.14290310480237012
486,1,1,0.18349628474849888
487,1,1,0.7922407867882121
488,1,1,0.18197172575209053
489,1,1,0.6277704448031598
490,1,1,0.08046774185222061
491,1,1,0.2177689071582255
492,1,1,0.5024896268240949
493,1,1,0.6793976605498402
494,1,1,0.8196155033941013
495,1,1,0.2430134343886825
496,1,1,0.2578531108802684
497,1,1,0.12052219376758111
498,1,1,0.5201623216712691
499,1,1,0.4645802962526766
500,1,1,0.15118446050007683
501,1,1,0.21260586628931555
502,1,1,0.31533182492682377
503,1,1,0.5299942255840878
504,1,1,0.5164436853656496
505,1,1,0.13192086113861556
506,1,1,0.10118300347119902
507,1,1,0.19417314048404732
508,1,1,0.28745128231766137
509,1,1,0.5334233239430166
510,1,1,0.12295646016003725
511,1,1,0.12220412988212714
512,1,1,0.29246982722299286
513,1,1,0.19956586841065094
514,1,1,0.7200696305873779
515,1,1,0.1960939871110099
516,1,1,0.03425332176125806
517,1,1,0.30378428280546554
518,1,1,0.1017077152747845
519,1,1,0.37732236494339055
520,1,1,0.16147006109491102
521,1,1,0.3367401999586167
522,1,1,0.37532612132013476
523,1,1,0.13534523326975278
524,1,1,0.3991083345740387
525,1,1,0.24022231233620361
526,1,1,0.6800271107239217
527,1,1,0.4471852726617769
528,1,1,0.185223659092281
529,1,1,0.07578173371844288
530,1,1,0.6426130417713045
531,1,1,0.21282153766575385
532,1,1,0.4592199883314446
533,1,1,0.6667034169954191
534,1,1,0.12710232799417054
535,1,1,0.4539687145019806
536,1,1,1.0630627975212419
537,1,1,0.4697718397402899
538,1,1,0.5300145846861166
539,1,1,0.13465446254065683
540,1,1,0.17263709064049249
541,1,1,0.24061357380081938
542,1,1,0.7737990704692019
543,1,1,0.3987754420182731
544,1,1,0.4055895750027825
545,1,1,0.689709875800625
546,1,1,0.44291018973630214
547,1,1,0.23453180855233802
548,1,1,0.5605753178301252
549,1,1,0.596967742447517
550,1,1,0.20153452812658357
551,1,1,0.6513047257998278
552,1,1,0.6309718850224759
553,1,1,0.43984110365964213
554,1,1,0.07359910366839229
555,1,1,0.45822078312592995
556,1,1,0.5610481441882913
557,1,1,0.8144241890781501
558,1,1,0.6077137002129398
559,1,1,0.07073123915173596
560,1,1,0.1335320824677143
561,1,1,0.33729523659579574
562,1,1,0.04508753346032035
563,1,1,0.4726786526939778
564,1,1,0.19989684996371848
565,1,1,0.12624475259199663
566,1,1,0.5874670117354115
567,1,1,0.32396706901396644
568,1,1,0.3116238121238093
569,1,1,0.11170606132824079
570,1,1,0.21100953642984066
571,1,1,0.45503796931047014
572,1,1,0.22546917308852266
573,1,1,0.19651212084110503
574,1,1,0.275895595017852
575,1,1,0.6401436546024609
576,1,1,0.8424395319979212
577,1,1,0.0952397369487128
578,1,1,0.5706504483658013
579,1,1,0.33628207208301475
580,1,1,0.16416477939782947
581,1,1,0.07239556519128132
582,1,1,0.17514371076291413
583,1,1,0.23801736752174274
584,1,1,0.7263092664175232
585,1,1,0.3787623713881011
586,1,1,0.14168189168828882
587,1,1,0.023902010093619475
588,1,1,0.588716592811195
589,1,1,0.6072367025851688
590,1,1,0.5706112535990988
591,1,1,0.8001610942195958
592,1,1,0.10329082783082988
593,1,1,0.28341185844125283
594,1,1,0.1838044935231632
595,1,1,0.3200108702003289
596,1,1,0.3874828464275415
597,1,1,0.6718210929767681
598,1,1,0.09099589330769275
599,1,1,0.37133606183378964
600,1,1,0.1948282600943958
601,1,1,0.30547340617155583
602,1,1,0.04795829291258025
603,1,1,0.6542221752287982
604,1,1,0.4005708420821441
605,1,1,0.1792124666778001
606,1,1,0.7632460113536188
607,1,1,0.37571202591285346
608,1,1,0.18682107977131623
609,1,1,0.22293543531849125
610,1,1,0.18481717373671191
611,1,1,0.21971979644242412
612,1,1,0.19018198172212675
613,1,1,0.4073413460975761
614,1,1,0.1174291372200521
615,1,2,0.06570353640209103
616,1,2,0.9553430004245225
617,1,2,0.21277048524813136
618,1,2,0.4365356819823546
619,1,2,0.05254918876318704
620,1,2,0.21092944823800897
621,1,2,0.23066695587673025
622,1,2,0.6911462703270248
623,1,2,0.6714131322662911
624,1,2,0.15873293139349642
625,1,2,0.18645352999552267
626,1,2,0.07079596863099746
627,1,2,0.7017438397269709
628,1,2,0.34676766665038383
629,1,2,0.1404503055287616
630,1,2,0.07834461442576157
631,1,2,0.184941617192677
632,1,2,0.39671351010642264
633,1,2,0.1573153312890293
634,1,2,0.08619694425724311
635,1,2,0.03635272993395866
636,1,2,0.21688342886919187
637,1,2,0.2220955970679911
638,1,2,0.3171856690955498
639,1,2,0.18557520138432426
640,1,2,0.1935901142906139
641,1,2,0.2538772873966384
642,1,2,0.11054711193499478
643,1,2,0.9267546934192945
644,1,2,0.11328319915340845
645,1,2,0.009129900003195024
646,1,2,0.3259353385065997
647,1,2,0.06972442644498178
648,1,2,0.32509544785465616
649,1,2,0.09981301388580244
650,1,2,0.07807727454115687
651,1,2,0.17953131971066594
652,1,2,0.08209125530489403
653,1,2,0.35205309628510706
654,1,2,0.1889124296902498
655,1,2,0.8069070906912859
656,1,2,0.46307739277294935
657,1,2,0.24776213479428588
658,1,2,0.06133063352554169
659,1,2,0.7756818247346305
660,1,2,0.22048908354878638
661,1,2,0.20034636972576148
662,1,2,0.7386453689816954
663,1,2,0.06627747299652942
664,1,2,0.38080840204279875
665,1,2,0.3807021038867969
666,1,2,0.34292532045857516
667,1,2,0.4976514657963833
668,1,2,0.07803850434911219
669,1,2,0.17478550976432317
670,1,2,0.11822377519135607
671,1,2,0.43588704190183836
672,1,2,0.3322986000876794
673,1,2,0.29392094996801743
674,1,2,0.7871781754301744
675,1,2,0.7394857088653426
676,1,2,0.31590762904787806
677,1,2,0.4931519388197787
678,1,2,0.25205177383795807
679,1,2,0.18866041933898525
680,1,2,0.6860161612008724
681,1,2,0.49626291309922865
682,1,2,0.41132903625154604
683,1,2,0.06457296719691685
684,1,2,0.5729931759641378
685,1,2,0.42766409532147653
686,1,2,0.8013704251851604
687,1,2,0.5848903548194913
688,1,2,0.04668848179969398
689,1,2,0.10147809483252801
690,1,2,0.36229149870726096
691,1,2,0.042554707537490244
692,1,2,0.4969042113760658
693,1,2,0.16080991788452093
694,1,2,0.08347794914130091
695,1,2,0.5651076952153855
696,1,2,0.267817639201242
697,1,2,0.3173472867924987
698,1,2,0.08770421202719925
699,1,2,0.23917314833541903
700,1,2,0.495916739339897
701,1,2,0.1539510426689713
702,1,2,0.09203967329955243
703,1,2,0.17305373964129112
704,1,2,0.5637643820977807
705,1,2,0.38198032115430225
706,1,2,0.06875287130172769
707,1,2,0.3642065203058289
708,1,2,0.38915560822583994
709,1,2,0.151341820291362
710,1,2,0.059344012890125475
711,1,2,0.1379547254895198
712,1,2,0.18867465818102203
713,1,2,1.0353195920265437
714,1,2,0.32121940773185087
715,1,2,0.09993200379148204
716,1,2,0.01533832320626416
717,1,2,0.42842557434751816
718,1,2,0.47661024432289556
719,1,2,0.38615039555585673
720,1,2,0.6115918866765093
721,1,2,0.09265872072803027
722,1,2,0.26958397750461127
723,1,2,0.15272300401833416
724,1,2,0.4289973309127708
725,1,2,0.43676718478993104
726,1,2,0.8396919738571257
727,1,2,0.04677382276115072
728,1,2,0.3207127893566174
729,1,2,0.18151395342641774
730,1,2,0.24226013861526519
731,1,2,0.02268713296799496
732,1,2,0.6864850594909864
733,1,2,0.458354179328869
734,1,2,0.22240314457224952
735,1,2,0.5525291495543887
736,1,2,0.5573255383682092
737,1,2,0.2658090339491197
738,1,2,0.13216083077834018
739,1,2,0.15232045160360919
740,1,2,0.23553762568568282
741,1,2,0.15989765625441776
742,1,2,0.4911204898309395
743,1,2,0.10634463732973654
744,1,3,0.031963353758912794
745,1,3,0.6195563520443381
746,1,3,0.7534646516801939
747,1,3,0.0867924955577033
748,1,3,0.05846954734610588
749,1,3,0.3051327262001029
750,1,3,0.19222086994485
751,1,3,0.6505187866500521
752,1,3,1.1577526158066456
753,1,3,0.10196289884578247
754,1,3,0.4244464948346145
755,1,3,0.051452572496621385
756,1,3,0.31096970225319187
757,1,3,1.238073170038784
758,1,3,0.15164260436935517
759,1,3,0.04129493829736752
760,1,3,0.7346197335164568
761,1,3,1.4023747341754738
762,1,3,0.19327341807604292
763,1,3,0.05217181471911758
764,1,3,0.02062964290625935
765,1,3,0.5638994110629352
766,1,3,0.12021357369642394
767,1,3,0.3777766429293751
768,1,3,0.059791224433247914
769,1,3,0.3180943386973454
770,1,3,0.7618463441475338
771,1,3,0.24117121771323013
772,1,3,0.7037091795192436
773,1,3,0.08484494639266105
774,1,3,0.02830446779244511
775,1,3,0.5884799837833906
776,1,3,0.10211426802437207
777,1,3,0.5245503082761759
778,1,3,0.0930635625588141
779,1,3,0.07686478046093348
780,1,3,0.08337861341570707
781,1,3,0.09719744228002081
782,1,3,1.3917557602667876
783,1,3,0.37041572658085686
784,1,3,0.5008154607799702
785,1,3,0.6168973616187472
786,1,3,0.5406316543805657
787,1,3,0.03190651510112874
788,1,3,0.47032542982212433
789,1,3,0.45483807157108724
790,1,3,0.02799792779070609
791,1,3,0.5789890613783125
792,1,3,0.034706397778401454
793,1,3,1.2657055958319512
794,1,3,0.16912497402918758
795,1,3,1.5011019088583084
796,1,3,0.5506553055010848
797,1,3,0.036490194193422254
798,1,3,0.44281491863483713
799,1,3,0.24245609246825306
800,1,3,0.2270274161474911
801,1,3,1.2342303419011982
802,1,3,0.3064963384107223
803,1,3,0.3681708213431424
804,1,3,0.5756969225341055
805,1,3,0.7604221029024864
806,1,3,1.5162058219458185
807,1,3,0.11101123837956384
808,1,3,0.5415408750595535
809,1,3,0.6732673146653152
810,1,3,0.08061332154993972
811,1,3,0.22607079990144674
812,1,3,0.13215288829680316
813,1,3,0.1751514862059147
814,1,3,1.1134588186948398
815,1,3,0.24163723050566643
816,1,3,1.0111370898185528
817,1,3,0.07218358493119692
818,1,3,0.13417675245524396
819,1,3,0.4772169566316199
820,1,3,0.0931955526405217
821,1,3,0.5439576090360031
822,1,3,0.1387144599651745
823,1,3,0.09512564347875885
824,1,3,0.709999735386107
825,1,3,0.3587478418842789
826,1,3,0.27163063016697475
827,1,3,0.13425938050966935
828,1,3,0.746289290690086
829,1,3,1.4526311549189246
830,1,3,0.24394573859731106
831,1,3,0.2920835655347849
832,1,3,0.3286875241576519
833,1,3,0.15147015752556015
834,1,3,0.1639273962861909
835,1,3,0.09728820419062234
836,1,3,0.37771227054813106
837,1,3,0.4855044299435949
838,1,3,0.23042501250736636
839,1,3,0.04857130119978392
840,1,3,0.16267286741863007
841,1,3,0.429966293591478
842,1,3,0.9078347958071665
843,1,3,0.33372028893282046
844,1,3,0.09190862317154636
845,1,3,0.026867655227312826
846,1,3,0.17106073028241764
847,1,3,0.10460842882246846
848,1,3,0.19928418367592438
849,1,3,0.8033683947287771
850,1,3,0.12979877590097288
851,1,3,0.21951991372140833
852,1,3,0.1684056808215667
853,1,3,0.3711921104673288
854,1,3,0.674047084181821
855,1,3,0.5022780714135117
856,1,3,0.043780086060056456
857,1,3,1.3422648427403934
858,1,3,0.052731677638277574
859,1,3,0.26880543639066434
860,1,3,0.032626958820560326
861,1,3,0.8734227273974546
862,1,3,1.4053105351838595
863,1,3,0.10241017436257716
864,1,3,0.17394722139533658
865,1,3,0.23739492466231105
866,1,3,0.5102028155011862
867,1,3,0.3955365621174838
868,1,3,0.11213666128516553
869,1,3,0.43593384294846227
870,1,3,0.15120282397206541
871,1,3,0.3941135458852103
872,1,3,0.2433300792568851
873,1,4,0.31853901332969525
874,1,4,0.3605813007290979
875,1,4,1.1288125873971517
876,1,4,0.8608552338326799
877,1,4,0.11285803910931025
878,1,4,0.5790823216544179
879,1,4,0.5305604709537772
880,1,4,1.4691854681629253
881,1,4,0.5804118400227704
882,1,4,0.06311180037338815
883,1,4,0.758812951091747
884,1,4,0.0921818926377116
885,1,4,0.0884157970649001
886,1,4,0.7791602895121588
887,1,4,0.02651214124165613
888,1,4,0.7392176090199041
889,1,4,0.07868950994931978
890,1,4,0.5788039866331753
891,1,4,0.3563670552439192
892,1,4,0.2910715585704582
893,1,4,0.11600868930126651
894,1,4,0.8397480875718818
895,1,4,0.11143144825909634
896,1,4,0.2942669861770282
897,1,4,0.14228842394980512
898,1,4,0.07389514276057474
899,1,4,1.2512935490479928
900,1,4,0.21320042876641654
901,1,4,0.4439836818978038
902,1,4,0.0846111642086329
903,1,4,0.05250317187567821
904,1,4,1.0079812790637734
905,1,4,0.15347731609437998
906,1,4,0.918278720320087
907,1,4,0.0477046872424749
908,1,4,0.35259553930711374
909,1,4,0.32933993932684824
910,1,4,0.08968879668077956
911,1,4,0.8345049460329151
912,1,4,0.8065023054310534
913,1,4,0.5175586099251271
914,1,4,0.09556435040062172
915,1,4,1.2317331544403902
916,1,4,0.1059368907666699
917,1,4,0.20907532499041814
918,1,4,0.56158724016926
919,1,4,0.17399462135809562
920,1,4,1.1813950590537199
921,1,4,0.03952199846139237
922,1,4,0.6935231058927191
923,1,4,0.33394826034647784
924,1,4,0.6359544356192722
925,1,4,0.43330300651017717
926,1,4,0.1109303222429896
927,1,4,0.24966704014505492
928,1,4,1.2707883613752753
929,1,4,0.605636391318914
930,1,4,0.7419972298731194
931,1,4,0.04617049508756044
932,1,4,0.2215311908800176
933,1,4,0.24894812683845224
934,1,4,0.2761802272635
935,1,4,1.1654422692374429
936,1,4,0.30867192395175014
937,1,4,1.1172836333552947
938,1,4,1.4120837031522997
939,1,4,0.6359108237538289
940,1,4,0.4162611092636287
941,1,4,0.22358743412291604
942,1,4,0.1368604688185191
943,1,4,0.6064043662278149
944,1,4,0.21391781387129594
945,1,4,1.261435805253372
946,1,4,0.05760329361312566
947,1,4,0.1630734401047027
948,1,4,0.0628853801318181
949,1,4,0.07043791322124526
950,1,4,0.31365714772707576
951,1,4,0.13569729335867486
952,1,4,0.17582329409168918
953,1,4,1.4183377896101006
954,1,4,0.09490344973242637
955,1,4,0.3225410328666569
956,1,4,0.09344542663079913
957,1,4,1.3523655734798004
958,1,4,0.185840267322938
959,1,4,1.5132707564151242
960,1,4,0.8137702435315318
961,1,4,0.4357083594009574
962,1,4,1.064714853775465
963,1,4,0.23324934826839105
964,1,4,0.20601188335597875
965,1,4,0.6529231235103932
966,1,4,0.1907929033843675
967,1,4,0.5441224635488565
968,1,4,0.06756188114211414
969,1,4,0.3819930719858987
970,1,4,0.7803330055962635
971,1,4,0.43181293143272514
972,1,4,0.05234211619822937
973,1,4,0.038549977956344184
974,1,4,0.050511526873766366
975,1,4,0.222202530914563
976,1,4,0.7362873291611652
977,1,4,0.5938221898276721
978,1,4,0.24113908143407548
979,1,4,0.9006782306358655
980,1,4,0.23021860170887343
981,1,4,0.22273479700123866
982,1,4,0.02510406700688439
983,1,4,1.5266973566110207
984,1,4,1.247121770072614
985,1,4,0.1770384825803316
986,1,4,0.34934948894774054
987,1,4,0.9707718192414473
988,1,4,0.09298131351932193
989,1,4,0.2898695814699306
990,1,4,1.2228005487787768
991,1,4,0.18314663009884213
992,1,4,0.5034535123174396
993,1,4,0.8862916941594532
994,1,4,0.08137270281690134
995,1,4,1.3729662268355352
996,1,4,0.21769075226083023
997,1,4,0.3223888918500608
998,1,4,0.5263762965413492
999,1,4,0.2679386979485012
1000,1,4,0.16308400917677068
1001,1,4,0.29711723198564377
1002,1,5,0.5954207058423384
1003,1,5,0.6192045954203131
1004,1,5,0.7993844045840058
1005,1,5,0.6199177048521545
1006,1,5,0.510208401977701
1007,1,5,0.48595015817985354
1008,1,5,0.604201385450498
1009,1,5,0.6374521773602819
1010,1,5,0.7148872388497904
1011,1,5,0.40621693083723454
1012,1,5,0.6800530375688658
1013,1,5,0.554162216438467
1014,1,5,0.6963682720154654
1015,1,5,0.6625224320829195
1016,1,5,0.5054696744793271
1017,1,5,0.43195810345631624
1018,1,5,0.5718878503986704
1019,1,5,0.7950650875964553
1020,1,5,0.6215148581384629
1021,1,5,0.718077488036966
1022,1,5,0.6553484011441565
1023,1,5,0.6835872645828305
1024,1,5,0.7598183353258764
1025,1,5,0.7285713379341864
1026,1,5,0.4450198257590161
1027,1,5,0.6326703226248285
1028,1,5,0.7851976578209202
1029,1,5,0.6169891569009075
1030,1,5,0.6793519944659816
1031,1,5,0.6598337830011932
1032,1,5,0.41378770441235846
1033,1,5,0.7264423342315254
1034,1,5,0.6165622434408512
1035,1,5,0.7517768522458226
1036,1,5,0.5859563157709344
1037,1,5,0.5249514904783125
1038,1,5,0.6500370721198787
1039,1,5,0.5498389223206523
1040,1,5,0.7341731683773051
1041,1,5,0.6583118945980891
1042,1,5,0.5124603127081446
1043,1,5,0.8418803669814375
1044,1,5,0.6988684146213254
1045,1,5,0.27764585895167815
1046,1,5,0.5463312495838896
1047,1,5,0.3516554695056482
1048,1,5,0.5257584711326087
1049,1,5,0.6055162179619665
1050,1,5,0.3414997118445713
1051,1,5,0.6498797041424789
1052,1,5,0.6024120371048449
1053,1,5,0.7444683895326452
1054,1,5,0.7359552078186354
1055,1,5,0.7281679302781162
1056,1,5,0.4001060850469047
1057,1,5,0.6853154201470162
1058,1,5,0.7516317216453223
1059,1,5,0.6525358821837323
1060,1,5,0.5626545542719433
1061,1,5,0.6677618945932999
1062,1,5,0.6083918870174838
1063,1,5,0.7661100362208413
1064,1,5,0.792883533345822
1065,1,5,0.6306559690854215
1066,1,5,0.6891008883864395
1067,1,5,0.6841748435454589
1068,1,5,0.5771290119271988
1069,1,5,0.3999284909630687
1070,1,5,0.399048729955932
1071,1,5,0.670497192368054
1072,1,5,0.7221764828753289
1073,1,5,0.6737863094012257
1074,1,5,0.6204346556898086
1075,1,5,0.27669639516372047
1076,1,5,0.6412546451073295
1077,1,5,0.7712992575880477
1078,1,5,0.48643849512208015
1079,1,5,0.5531762194792473
1080,1,5,0.6343338775592752
1081,1,5,0.5368427734731602
1082,1,5,0.5969687105961645
1083,1,5,0.47819049250419843
1084,1,5,0.4032058991942793
1085,1,5,0.6938094934843596
1086,1,5,0.5672274983868878
1087,1,5,0.3592001396888591
1088,1,5,0.5049426296853947
1089,1,5,0.6755878950502515
1090,1,5,0.6625232925296627
1091,1,5,0.5829084180789588
1092,1,5,0.673003881863522
1093,1,5,0.3312464348542451
1094,1,5,0.4921719578560422
1095,1,5,0.766748996585054
1096,1,5,0.2591503322971377
1097,1,5,0.2200244861465993
1098,1,5,0.5214227252818295
1099,1,5,0.7711454259511629
1100,1,5,0.7476125484528092
1101,1,5,0.6030977006529032
1102,1,5,0.26207442503402967
1103,1,5,0.3171162876228224
1104,1,5,0.6545635849663058
1105,1,5,0.5893269400512415
1106,1,5,0.5544651656739621
1107,1,5,0.4351387984348102
1108,1,5,0.33261773914842097
1109,1,5,0.2714571592933015
1110,1,5,0.5749269378416504
1111,1,5,0.23971944824360025
1112,1,5,0.8294529798519628
1113,1,5,0.47979533508190053
1114,1,5,0.5485222004325532
1115,1,5,0.6207517349433662
1116,1,5,0.3410938741243493
1117,1,5,0.4439170196588883
1118,1,5,0.2831225300739394
1119,1,5,0.7910990533636211
1120,1,5,0.6822476862625262
1121,1,5,0.2529626173553021
1122,1,5,0.5614544604971723
1123,1,5,0.19897084422106803
1124,1,5,0.3993084179936143
1125,1,5,0.7907322802518009
1126,1,5,0.41656773779914325
1127,1,5,0.5204212009987309
1128,1,5,0.5823141206622527
1129,1,5,0.5185451536146228
1130,1,5,0.45128543118744935
1131,1,6,0.5907583564429926
1132,1,6,0.6289272032056216
1133,1,6,0.7694870892167387
1134,1,6,0.5821366862668542
1135,1,6,0.48976816499392917
1136,1,6,0.47153346101614346
1137,1,6,0.5485500197087146
1138,1,6,0.6003134809969769
1139,1,6,0.6061248692353065
1140,1,6,0.36966361211116294
1141,1,6,0.666991896282337
1142,1,6,0.5355573236764222
1143,1,6,0.732752165655701
1144,1,6,0.629834493545596
1145,1,6,0.47766586968146174
1146,1,6,0.4251624263802566
1147,1,6,0.5668648718651151
1148,1,6,0.7243543221059152
1149,1,6,0.5768980470656047
1150,1,6,0.6739556047385257
1151,1,6,0.6787385882594934
1152,1,6,0.6621076775420421
1153,1,6,0.8187808900397129
1154,1,6,0.6679174749374419
1155,1,6,0.44126835563811473
1156,1,6,0.6600172955728765
1157,1,6,0.7410757978388871
1158,1,6,0.5519627090744117
1159,1,6,0.723991276025958
1160,1,6,0.6805129362207797
1161,1,6,0.3925516462221612
1162,1,6,0.6941423296211214
1163,1,6,0.5870949639737013
1164,1,6,0.720733440497838
1165,1,6,0.5965647675588595
1166,1,6,0.5241433224730568
1167,1,6,0.6225119958182155
1168,1,6,0.5656045165955249
1169,1,6,0.6999048990605115
1170,1,6,0.677496202140288
1171,1,6,0.425249539942703
1172,1,6,0.8506380833962438
1173,1,6,0.6640645816374162
1174,1,6,0.2585810437143796
1175,1,6,0.4832174717919794
1176,1,6,0.38420831258274135
1177,1,6,0.49013777099441713
1178,1,6,0.5871988243660398
1179,1,6,0.34928783715241485
1180,1,6,0.6141737195817699
1181,1,6,0.5702215605328067
1182,1,6,0.7123852349949285
1183,1,6,0.635145740719614
1184,1,6,0.6559212594365891
1185,1,6,0.3579905879756957
1186,1,6,0.6481084186716095
1187,1,6,0.6861074575740735
1188,1,6,0.6053074696655862
1189,1,6,0.5127456401402763
1190,1,6,0.6052942439613513
1191,1,6,0.5662146373729785
1192,1,6,0.7520117563289862
1193,1,6,0.7210661563164456
1194,1,6,0.6444717394036632
1195,1,6,0.6238935787802724
1196,1,6,0.6515021186017027
1197,1,6,0.5270179928259384
1198,1,6,0.37882825655896646
1199,1,6,0.40554781555761354
1200,1,6,0.6786291864239101
1201,1,6,0.6510067850549653
1202,1,6,0.6337902075751426
1203,1,6,0.5238999374911228
1204,1,6,0.3283890163694806
1205,1,6,0.6539106935342451
1206,1,6,0.7545694240368817
1207,1,6,0.48642147413877157
1208,1,6,0.5730572810838681
1209,1,6,0.5830211964794432
1210,1,6,0.5171655351165464
1211,1,6,0.6024960226324949
1212,1,6,0.4679764594360841
1213,1,6,0.3946332663881402
1214,1,6,0.6525224573077771
1215,1,6,0.5486330278151217
1216,1,6,0.3387810659193139
1217,1,6,0.5298460152573808
1218,1,6,0.6051916440484797
1219,1,6,0.6531874530409473
1220,1,6,0.5371756725624248
1221,1,6,0.6169624620533596
1222,1,6,0.3752493923596043
1223,1,6,0.42131151583064685
1224,1,6,0.7513683629437434
1225,1,6,0.22685085785018377
1226,1,6,0.20922093756607163
1227,1,6,0.5195563369888923
1228,1,6,0.7562033483937873
1229,1,6,0.7629513653533867
1230,1,6,0.602875068911459
1231,1,6,0.22522815291711196
1232,1,6,0.3079785805291656
1233,1,6,0.6503681334642424
1234,1,6,0.5410909745180246
1235,1,6,0.5230350822703056
1236,1,6,0.40054471104545275
1237,1,6,0.29836907936717605
1238,1,6,0.22953774791493442
1239,1,6,0.5796363195111164
1240,1,6,0.19964416195808132
1241,1,6,0.8515913248489039
1242,1,6,0.4775448737815171
1243,1,6,0.46018795882496766
1244,1,6,0.5631820381643384
1245,1,6,0.3318109353112222
1246,1,6,0.4022921792967773
1247,1,6,0.2898309587635248
1248,1,6,0.7429036291928983
1249,1,6,0.6552984704823338
1250,1,6,0.24315744478127543
1251,1,6,0.5355480245115356
1252,1,6,0.15836587653052248
1253,1,6,0.41540685155313317
1254,1,6,0.7148460273332522
1255,1,6,0.40467904815948685
1256,1,6,0.5458945327230162
1257,1,6,0.5570671583455811
1258,1,6,0.48631390154893706
1259,1,6,0.47060918050751765
1260,2,0,0.14408993240182277
1261,2,0,0.4880664275450495
1262,2,0,0.17118886269289324
1263,2,0,0.21824781553112294
1264,2,0,0.09255037598652582
1265,2,0,0.40438423380219224
1266,2,0,0.47537847919735177
1267,2,0,0.4060791391465528
1268,2,0,0.4048896100847452
1269,2,0,0.33918866096673683
1270,2,0,0.2263475583155703
1271,2,0,0.7460619077210268
1272,2,0,0.35560109409814133
1273,2,0,0.559662275934073
1274,2,0,0.39984394746551377
1275,2,0,0.14620178005956985
1276,2,0,0.6409440178810517
1277,2,0,0.10618372745035687
1278,2,0,0.6456579477928461
1279,2,0,0.5161633549811458
1280,2,0,0.21942889599140147
1281,2,0,1.0430091275030975
1282,2,0,0.4438969455428394
1283,2,0,0.47475139917087006
1284,2,0,0.19695994850614462
1285,2,0,0.8203550804276603
1286,2,0,0.37661341204429577
1287,2,1,0.1369051793777103
1288,2,1,0.6350169531923009
1289,2,1,0.21484030030281642
1290,2,1,0.3828652411883341
1291,2,1,0.0954094846145298
1292,2,1,0.30920867238661376
1293,2,1,0.7524202546062688
1294,2,1,0.5892094608939467
1295,2,1,0.5712864430438613
1296,2,1,0.17828124076449625
1297,2,1,0.5150631289953556
1298,2,1,0.6344432422878642
1299,2,1,0.4440172023588733
1300,2,1,0.39178077962856783
1301,2,1,0.5580674689345713
1302,2,1,0.19888382611023703
1303,2,1,0.4051276981030846
1304,2,1,0.09978188034095192
1305,2,1,0.2215339707063213
1306,2,1,0.6655263708431448
1307,2,1,0.18481717373671191
1308,2,1,0.5334233239430166
1309,2,1,0.5035447639162074
1310,2,1,0.2041897407503691
1311,2,1,0.35558513032935446
1312,2,1,0.7521563759824855
1313,2,1,0.39914164058411483
1314,2,2,0.1620992509533622
1315,2,2,0.7367201502309573
1316,2,2,0.2518188186584154
1317,2,2,0.49479060463000424
1318,2,2,0.07619512060116485
1319,2,2,0.27442072220408487
1320,2,2,0.862181536331631
1321,2,2,0.7314833944232974
1322,2,2,0.45135270637983793
1323,2,2,0.19031545753718915
1324,2,2,0.9180796838896735
1325,2,2,0.6732004035171717
1326,2,2,0.37676584581035377
1327,2,2,0.1482146861460576
1328,2,2,0.44700707930256434
1329,2,2,0.20530894247360976
1330,2,2,0.14243522220735305
1331,2,2,0.06767029573795436
1332,2,2,0.1427269629390503
1333,2,2,0.6611362109860037
1334,2,2,0.15232045160360919
1335,2,2,0.3171856690955498
1336,2,2,0.6194987345232115
1337,2,2,0.0861531214227177
1338,2,2,0.460593121741079
1339,2,2,0.7776382370786413
1340,2,2,0.28863614775961266
1341,2,3,0.5005138122205497
1342,2,3,0.48315402400878293
1343,2,3,0.37106083180997795
1344,2,3,0.2182574036541699
1345,2,3,0.10412402857846437
1346,2,3,0.5842899531423464
1347,2,3,0.2839661127705365
1348,2,3,0.3170087814393885
1349,2,3,0.1226938515246847
1350,2,3,0.7601446964528902
1351,2,3,0.5218105894611962
1352,2,3,0.44370109127814683
1353,2,3,0.11614033271965762
1354,2,3,0.2599016177041118
1355,2,3,0.10445767491354485
1356,2,3,0.3640993953792968
1357,2,3,0.21145137326108898
1358,2,3,0.0442413731869572
1359,2,3,0.31094463344839285
1360,2,3,0.621874467231627
1361,2,3,0.11213666128516553
1362,2,3,0.3777766429293751
1363,2,3,0.8335986370166009
1364,2,3,0.41173422688323424
1365,2,3,0.31845443990144573
1366,2,3,0.24280391964228754
1367,2,3,0.6021884708634482
1368,2,4,1.0002389033821246
1369,2,4,1.3415113227943147
1370,2,4,0.6202020102913158
1371,2,4,0.2848719486250313
1372,2,4,0.06122482626714587
1373,2,4,0.36826105842010814
1374,2,4,0.7568211580390496
1375,2,4,0.26634758507943035
1376,2,4,0.8853186100814898
1377,2,4,1.2547352536244067
1378,2,4,0.2524996783544494
1379,2,4,0.24913780523695628
1380,2,4,0.9291084436531347
1381,2,4,0.08493672820026188
1382,2,4,0.8058133108466848
1383,2,4,0.7332041909226485
1384,2,4,0.1762863638148391
1385,2,4,0.08888020589335721
1386,2,4,0.27968134728100724
1387,2,4,1.3934154637835297
1388,2,4,0.3223888918500608
1389,2,4,0.2942669861770282
1390,2,4,0.2874700885480428
1391,2,4,0.41312304289795654
1392,2,4,0.23780926875017627
1393,2,4,0.3248956819927562
1394,2,4,0.8137505428073226
1395,2,5,0.3527838361820448
1396,2,5,0.43819376069883653
1397,2,5,0.30118382967767876
1398,2,5,0.3877847185750001
1399,2,5,0.21860735182794944
1400,2,5,0.438435236263666
1401,2,5,0.394681098881579
1402,2,5,0.49023408662303314
1403,2,5,0.49839717230154224
1404,2,5,0.5321755889228837
1405,2,5,0.6257087800911814
1406,2,5,0.5884805785572014
1407,2,5,0.2377274452629714
1408,2,5,0.2768341579833805
1409,2,5,0.5274075578439072
1410,2,5,0.29540455891173234
1411,2,5,0.29473550514971214
1412,2,5,0.39294210336085045
1413,2,5,0.6158167310901235
1414,2,5,0.46709138745869794
1415,2,5,0.41656773779914325
1416,2,5,0.7285713379341864
1417,2,5,0.40729429947424123
1418,2,5,0.517824514520126
1419,2,5,0.40279734972666437
1420,2,5,0.48450458714544165
1421,2,5,0.6421656479965838
1422,2,6,0.3756292397999159
1423,2,6,0.4163093683833343
1424,2,6,0.3648496398460238
1425,2,6,0.35071917026590016
1426,2,6,0.26340721460817196
1427,2,6,0.3868307734874401
1428,2,6,0.39043846637450463
1429,2,6,0.4251223669729831
1430,2,6,0.4282267422004926
1431,2,6,0.5522851035392443
1432,2,6,0.5838004011382885
1433,2,6,0.47216844478423015
1434,2,6,0.23633233842680468
1435,2,6,0.24346746231278205
1436,2,6,0.46625430253573275
1437,2,6,0.35209344731318193
1438,2,6,0.26383402016607505
1439,2,6,0.36768071541995484
1440,2,6,0.49534182329910137
1441,2,6,0.46262515853509867
1442,2,6,0.40467904815948685
1443,2,6,0.6679174749374419
1444,2,6,0.3659760429775055
1445,2,6,0.4479666672179149
1446,2,6,0.4172451655281294
1447,2,6,0.4076695901737477
1448,2,6,0.6719597423453099
1449,3,0,0.2858218695061294
1450,3,0,0.7211197989696232
1451,3,0,0.11419515424937243
1452,3,0,0.274890779158523
1453,3,0,0.06934665189257405
1454,3,0,0.3480108108415798
1455,3,0,0.21102469582213668
1456,3,0,0.14503640453958933
1457,3,0,0.24919903741006155
1458,3,0,0.12997299235111848
1459,3,0,0.05244020670241234
1460,3,0,0.10317949432161455
1461,3,0,0.14736069335299196
1462,3,0,0.6562703080713702
1463,3,0,0.10624544172308825
1464,3,0,0.18364488005547064
1465,3,0,0.25105442086187124
1466,3,0,0.7976466821482497
1467,3,0,0.06774318002855151
1468,3,0,0.188154708050291
1469,3,0,0.1314138256385895
1470,3,0,0.19128147749747293
1471,3,0,0.1063958784514456
1472,3,0,0.15655035473369683
1473,3,0,0.054387536575961626
1474,3,0,0.09235088000653169
1475,3,0,0.6197013867458824
1476,3,0,0.4429874116083927
1477,3,0,0.262878072497978
1478,3,0,0.09916246151530461
1479,3,0,0.18962644166225817
1480,3,0,0.17584264625377422
1481,3,0,0.4363293948884355
1482,3,0,0.41454267917803633
1483,3,0,0.3881648054334754
1484,3,0,0.8466262376570662
1485,3,0,0.2724492575902411
1486,3,0,0.10776541584245469
1487,3,0,0.11503127160172988
1488,3,0,0.10457344773997324
1489,3,0,0.2579227181159345
1490,3,0,0.0669465968000984
1491,3,0,0.3019689070097069
1492,3,0,0.2801570511843188
1493,3,0,0.05716590382797393
1494,3,0,0.3423264346181617
1495,3,0,0.3449056034824993
1496,3,0,0.7430476003995918
1497,3,0,0.06563741228923714
1498,3,0,0.09405876441702732
1499,3,0,0.22678340970423294
1500,3,0,0.37457322188744846
1501,3,0,0.11913925059739627
1502,3,0,0.6769989068307629
1503,3,0,0.4755190704530958
1504,3,0,0.14950623676128916
1505,3,0,0.1936778168552018
1506,3,0,0.5661650854178141
1507,3,0,0.2929629761320518
1508,3,0,0.22706360621770694
1509,3,0,0.2277865270607704
1510,3,0,0.3101476422110304
1511,3,0,0.5789573650479773
1512,3,0,0.06430464248607004
1513,3,0,0.6300244202569427
1514,3,0,0.09973589388740678
1515,3,0,0.27999476383051947
1516,3,0,0.7538925714356389
1517,3,0,0.4520588987882078
1518,3,0,0.43059901552921986
1519,3,0,0.25625904875094974
1520,3,0,0.4438969455428394
1521,3,0,0.43035364065011894
1522,3,0,0.18439097675728888
1523,3,0,0.3116822299660815
1524,3,0,0.1896195820227824
1525,3,0,0.06390252454231182
1526,3,0,0.04452447384521507
1527,3,0,0.38060402612290734
1528,3,0,0.23843339336221203
1529,3,0,0.042440530867932535
1530,3,0,0.18745495076662888
1531,3,0,0.5492666595098304
1532,3,0,0.0851666242988055
1533,3,0,0.140152000046333
1534,3,0,0.6093005909973525
1535,3,0,0.3271004395605799
1536,3,0,0.13922210414116054
1537,3,0,0.39531857795934056
1538,3,0,0.14375147541726863
1539,3,0,0.17337687234971577
1540,3,0,0.6632917785153687
1541,3,0,0.9458681057508904
1542,3,0,0.02948201394753691
1543,3,0,0.6198714060765081
1544,3,0,0.10071108132737605
1545,3,0,0.2576665844892688
1546,3,0,0.3189846553048663
1547,3,0,0.2854579669702999
1548,3,0,0.069249836123355
1549,3,0,0.20858332362741994
1550,3,0,0.2244608015760483
1551,3,0,0.11840294569296239
1552,3,0,0.08855107165441933
1553,3,0,0.5186982887180154
1554,3,0,0.19168610411320508
1555,3,0,0.545294536388937
1556,3,0,0.040044935074535104
1557,3,0,0.17767100660473534
1558,3,0,0.11803437364786484
1559,3,0,0.08985061641391112
1560,3,0,0.14231030966555247
1561,3,0,0.21860143640578056
1562,3,0,0.22396339075542215
1563,3,0,0.21494204873686973
1564,3,0,0.13137154065454604
1565,3,0,0.08748009397156165
1566,3,0,0.23288919699279131
1567,3,0,0.5761571143159786
1568,3,0,0.3221069553812379
1569,3,1,0.35319438745598575
1570,3,1,0.44954921058643127
1571,3,1,0.09508737100801645
1572,3,1,0.36765562656601325
1573,3,1,0.1792124666778001
1574,3,1,0.6019062769681173
1575,3,1,0.20287722076130632
1576,3,1,0.09157567707500003
1577,3,1,0.20721077943059973
1578,3,1,0.10404651586854585
1579,3,1,0.040984950537799825
1580,3,1,0.09453431781241695
1581,3,1,0.16151538478785454
1582,3,1,0.439092946480381
1583,3,1,0.1306439462779141
1584,3,1,0.46522704522154334
1585,3,1,0.31556728319590654
1586,3,1,0.7270898527874265
1587,3,1,0.05344316593778797
1588,3,1,0.19566782854917542
1589,3,1,0.14553844409429662
1590,3,1,0.24897851285746575
1591,3,1,0.10792901218923834
1592,3,1,0.1839216934823944
1593,3,1,0.06498837802736257
1594,3,1,0.1036484341297178
1595,3,1,0.4512441293479875
1596,3,1,0.6610008431393013
1597,3,1,0.3066591183232019
1598,3,1,0.21105838337976945
1599,3,1,0.2807823077069166
1600,3,1,0.18625410976843904
1601,3,1,0.5867875711983233
1602,3,1,0.3705702364663471
1603,3,1,0.3927659999055859
1604,3,1,0.9595008988185814
1605,3,1,0.5058418241873635
1606,3,1,0.23688085064212028
1607,3,1,0.08781316720878651
1608,3,1,0.20931656045156688
1609,3,1,0.41149634507659705
1610,3,1,0.105919461060624
1611,3,1,0.4398303762317094
1612,3,1,0.4037186574205649
1613,3,1,0.14490564804199968
1614,3,1,0.4809320839256239
1615,3,1,0.45269256412245495
1616,3,1,0.6310863209462927
1617,3,1,0.038910891574951756
1618,3,1,0.20609755532935325
1619,3,1,0.3772649787923569
1620,3,1,0.6124698444980975
1621,3,1,0.12092717559905097
1622,3,1,0.5651689982032542
1623,3,1,0.6705588896203523
1624,3,1,0.2130998979416736
1625,3,1,0.15479909677389625
1626,3,1,0.6684081937498525
1627,3,1,0.4344772549748135
1628,3,1,0.45375608197274375
1629,3,1,0.26818961587471357
1630,3,1,0.43280032263855206
1631,3,1,0.3930887424157926
1632,3,1,0.05623458497876388
1633,3,1,0.4858905138252356
1634,3,1,0.12976053783702823
1635,3,1,0.247748272771949
1636,3,1,0.862536612312863
1637,3,1,0.7402044732399511
1638,3,1,0.43984110365964213
1639,3,1,0.22305176579387864
1640,3,1,0.5035447639162074
1641,3,1,0.2654390341875942
1642,3,1,0.09806350947446085
1643,3,1,0.26337281431173887
1644,3,1,0.0969864095316102
1645,3,1,0.023902010093619475
1646,3,1,0.028053922879457516
1647,3,1,0.1831821414297633
1648,3,1,0.3801442777298636
1649,3,1,0.04465623009200581
1650,3,1,0.09569595863991942
1651,3,1,0.6732333111908252
1652,3,1,0.11277748706417601
1653,3,1,0.2244585020069847
1654,3,1,0.8901807189478943
1655,3,1,0.28593517360033416
1656,3,1,0.2538154412285192
1657,3,1,0.3815998541901777
1658,3,1,0.18980724728823795
1659,3,1,0.3070342963754037
1660,3,1,0.5243634024990902
1661,3,1,0.9439606099098097
1662,3,1,0.021143092927575435
1663,3,1,0.5575153566440727
1664,3,1,0.13687344378993382
1665,3,1,0.3116238121238093
1666,3,1,0.30547340617155583
1667,3,1,0.19824880831896008
1668,3,1,0.06340121244460517
1669,3,1,0.4915109069002359
1670,3,1,0.1983803314609094
1671,3,1,0.13150080001512776
1672,3,1,0.07238805478812804
1673,3,1,0.3008425262580414
1674,3,1,0.3200108702003289
1675,3,1,0.31142663230774226
1676,3,1,0.023688388178643605
1677,3,1,0.06725454463315672
1678,3,1,0.1628847496373046
1679,3,1,0.17414898758352426
1680,3,1,0.11294155645148884
1681,3,1,0.4188000607771126
1682,3,1,0.29477675206208254
1683,3,1,0.4635589924570578
1684,3,1,0.20357117277705328
1685,3,1,0.0900797741308651
1686,3,1,0.5682506000599064
1687,3,1,0.4388628225225918
1688,3,1,0.2070205859364802
1689,3,2,0.4488343896472844
1690,3,2,0.39662982158708493
1691,3,2,0.1257364772721562
1692,3,2,0.30503536576104207
1693,3,2,0.22240314457224952
1694,3,2,0.460665108988614
1695,3,2,0.24998113533066924
1696,3,2,0.03234458334559365
1697,3,2,0.13048817015765857
1698,3,2,0.07354409020756991
1699,3,2,0.04681169287534026
1700,3,2,0.09900431005850852
1701,3,2,0.2576049511613391
1702,3,2,0.36068268319533103
1703,3,2,0.0930465710120022
1704,3,2,0.46746422350878336
1705,3,2,0.2402666772104214
1706,3,2,0.9550361658540456
1707,3,2,0.0270506146787286
1708,3,2,0.1978817386756958
1709,3,2,0.12007990142379732
1710,3,2,0.23891863559066284
1711,3,2,0.14534654160315874
1712,3,2,0.1952752992818746
1713,3,2,0.06467395565218315
1714,3,2,0.12076440982835301
1715,3,2,0.6079471458548351
1716,3,2,0.8558569449335011
1717,3,2,0.2677518672341914
1718,3,2,0.17336610203075675
1719,3,2,0.23013779330599649
1720,3,2,0.1266652260476735
1721,3,2,0.7432975133664947
1722,3,2,0.3342644398689305
1723,3,2,0.49699899033887796
1724,3,2,1.0243778201727365
1725,3,2,0.34432907972862714
1726,3,2,0.12535341889687257
1727,3,2,0.06757863201373293
1728,3,2,0.2626321894248048
1729,3,2,0.33341667965408206
1730,3,2,0.10414071841796413
1731,3,2,0.5938232172522404
1732,3,2,0.35818029514403704
1733,3,2,0.08130891900493276
1734,3,2,0.5249292961160459
1735,3,2,0.4017683822262198
1736,3,2,0.24444811373885955
1737,3,2,0.024661272008080992
1738,3,2,0.24583973463008468
1739,3,2,0.22015372390476962
1740,3,2,0.593006893173045
1741,3,2,0.09267417867918948
1742,3,2,0.358373150259912
1743,3,2,0.7400186400463367
1744,3,2,0.25814217582924204
1745,3,2,0.1661487803888878
1746,3,2,0.7726843051312321
1747,3,2,0.39348331762210864
1748,3,2,0.35740002355736067
1749,3,2,0.24980037331616556
1750,3,2,0.36672927282948276
1751,3,2,0.271452561649557
1752,3,2,0.03618498016506111
1753,3,2,0.1493825806294128
1754,3,2,0.04816088352399728
1755,3,2,0.20270402074545057
1756,3,2,1.1253092302539451
1757,3,2,1.12749088414954
1758,3,2,0.41132903625154604
1759,3,2,0.24623021666770373
1760,3,2,0.6194987345232115
1761,3,2,0.3820729645576928
1762,3,2,0.05673147679500834
1763,3,2,0.18315533476679746
1764,3,2,0.05519346599258923
1765,3,2,0.01533832320626416
1766,3,2,0.021000326732388497
1767,3,2,0.16065732536583088
1768,3,2,0.40884757555438966
1769,3,2,0.05950523192917323
1770,3,2,0.05651039192976948
1771,3,2,0.9840120088162219
1772,3,2,0.08474467594508084
1773,3,2,0.2782264057407855
1774,3,2,1.0660484871869662
1775,3,2,0.5076030337119168
1776,3,2,0.21863643047589354
1777,3,2,0.4110042311809827
1778,3,2,0.12441610627607003
1779,3,2,0.23267591270295307
1780,3,2,0.5069886898117768
1781,3,2,1.3470969413376856
1782,3,2,0.017136080022302713
1783,3,2,0.563036160277517
1784,3,2,0.10626430383976637
1785,3,2,0.3173472867924987
1786,3,2,0.24226013861526519
1787,3,2,0.2164871751505042
1788,3,2,0.04710199825481243
1789,3,2,0.7842546969558819
1790,3,2,0.10614513452704322
1791,3,2,0.08356712809490541
1792,3,2,0.06037764223555531
1793,3,2,0.1384910041364208
1794,3,2,0.4289973309127708
1795,3,2,0.29307600626620023
1796,3,2,0.014983523027627843
1797,3,2,0.03063257585474899
1798,3,2,0.13121190470688038
1799,3,2,0.21079499706615357
1800,3,2,0.0706888900835212
1801,3,2,0.43765689342323977
1802,3,2,0.3515603199322743
1803,3,2,0.27824647110445766
1804,3,2,0.18651132647867774
1805,3,2,0.12273088200321025
1806,3,2,0.6911648002345513
1807,3,2,0.471300633620079
1808,3,2,0.1849709676125182
1809,3,3,0.6681488720308506
1810,3,3,0.2815994789158527
1811,3,3,0.23598774652341248
1812,3,3,0.49189950199068033
1813,3,3,0.10241017436257716
1814,3,3,0.09699139627389719
1815,3,3,0.6011794678176692
1816,3,3,0.06351896675484803
1817,3,3,0.4430133252248629
1818,3,3,0.3224994468355543
1819,3,3,0.05471532583660221
1820,3,3,0.21252534302231973
1821,3,3,0.6723454811146408
1822,3,3,0.44637490716664374
1823,3,3,0.02370362263493586
1824,3,3,0.14364152657083928
1825,3,3,0.7019961034296551
1826,3,3,0.3911721509815045
1827,3,3,0.017337215690529928
1828,3,3,0.27199891505398277
1829,3,3,0.1423677395800138
1830,3,3,0.2857370360696505
1831,3,3,0.5259580793686898
1832,3,3,0.06598567846782633
1833,3,3,0.2081299380172691
1834,3,3,0.32519274062585823
1835,3,3,0.3763496103325481
1836,3,3,0.5907044959359538
1837,3,3,0.6240303386891362
1838,3,3,0.115160080739094
1839,3,3,0.31469023645154426
1840,3,3,0.02214370797331089
1841,3,3,0.7194127667375678
1842,3,3,0.5535853725732591
1843,3,3,0.5711504835896981
1844,3,3,1.1012587896001007
1845,3,3,0.08460199113944888
1846,3,3,0.02395485817876941
1847,3,3,0.6779487476322545
1848,3,3,0.4277617999649539
1849,3,3,0.24847138264063218
1850,3,3,0.29463914515270617
1851,3,3,0.7978732818846063
1852,3,3,0.20941411148206002
1853,3,3,0.08020465163666479
1854,3,3,0.4495118767316215
1855,3,3,0.46426978587589507
1856,3,3,0.15592391588485954
1857,3,3,0.05987085622837285
1858,3,3,0.25808805118933476
1859,3,3,0.07848481677684871
1860,3,3,0.8188694633807655
1861,3,3,0.3041477476342931
1862,3,3,0.41687188163164957
1863,3,3,1.1944595198268118
1864,3,3,0.5867086879536019
1865,3,3,0.24581995029197756
1866,3,3,0.6318846231505195
1867,3,3,0.5063179166836945
1868,3,3,0.20479907839899691
1869,3,3,0.2270232728919992
1870,3,3,0.952993457666579
1871,3,3,0.5988245931618772
1872,3,3,0.0871203550182712
1873,3,3,0.1786405017676529
1874,3,3,0.02294670740336935
1875,3,3,0.5656103161789632
1876,3,3,0.5653228900604849
1877,3,3,0.3974409137635224
1878,3,3,0.22607079990144674
1879,3,3,0.515895844425474
1880,3,3,0.8335986370166009
1881,3,3,0.3488676346684071
1882,3,3,0.09085841021058505
1883,3,3,0.7424835463575523
1884,3,3,0.023806764486787646
1885,3,3,0.026867655227312826
1886,3,3,0.024368726083961345
1887,3,3,0.5025988587036055
1888,3,3,0.8040214064162036
1889,3,3,0.13851731589227245
1890,3,3,0.048082654564133964
1891,3,3,0.5317296873891647
1892,3,3,0.2122076128673548
1893,3,3,0.27788764815687106
1894,3,3,0.3497209971701378
1895,3,3,0.6529730129361095
1896,3,3,0.02864023179304309
1897,3,3,0.47128079790817723
1898,3,3,0.08436810360266644
1899,3,3,0.06273033895309732
1900,3,3,0.8403893054259184
1901,3,3,0.3789324699010256
1902,3,3,0.021932545939968073
1903,3,3,0.3074969253669835
1904,3,3,0.26251977298645024
1905,3,3,0.27163063016697475
1906,3,3,0.26880543639066434
1907,3,3,0.6629932098969744
1908,3,3,0.09642542546825972
1909,3,3,0.42813105044168687
1910,3,3,0.10230500455995462
1911,3,3,0.02286797690113862
1912,3,3,0.06929783542189005
1913,3,3,1.546490554387657
1914,3,3,0.3711921104673288
1915,3,3,0.5448733615354072
1916,3,3,0.040375863238672705
1917,3,3,0.029155241504854712
1918,3,3,0.06967390227373405
1919,3,3,0.5804100304246024
1920,3,3,0.36142283577067313
1921,3,3,0.21646170735130055
1922,3,3,0.2503431564798041
1923,3,3,0.033405209019264914
1924,3,3,0.25482813292353823
1925,3,3,0.42505617870773504
1926,3,3,0.22291186540690267
1927,3,3,0.6370808751901871
1928,3,3,0.5384305333684187
1929,3,4,0.2830227659856751
1930,3,4,0.6579549896743276
1931,3,4,0.06583446049294495
1932,3,4,0.4296317443924529
1933,3,4,0.5034535123174396
1934,3,4,0.16032242534396102
1935,3,4,0.04660089132307954
1936,3,4,0.22291896058695593
1937,3,4,0.2581868613888032
1938,3,4,0.1210411653355229
1939,3,4,0.019367534256470642
1940,3,4,0.23201359171316638
1941,3,4,0.1739719143277434
1942,3,4,0.5296895835314702
1943,3,4,0.2679894199817586
1944,3,4,0.05962803739932865
1945,3,4,0.6942446424620022
1946,3,4,0.5646669414526008
1947,3,4,0.04666357683594846
1948,3,4,0.1034662597848871
1949,3,4,0.4421292479166493
1950,3,4,0.11429121173488566
1951,3,4,0.35781391297810883
1952,3,4,0.5687042163197769
1953,3,4,0.06614960858660068
1954,3,4,0.0493455860851163
1955,3,4,0.1610541010710227
1956,3,4,1.5840895697521766
1957,3,4,0.34087296214550733
1958,3,4,0.07432105761507479
1959,3,4,0.1665180795302269
1960,3,4,0.1091808355371291
1961,3,4,0.2431682709658579
1962,3,4,0.9617439691566939
1963,3,4,0.5623543605924819
1964,3,4,0.7362219099857336
1965,3,4,0.2940123366475671
1966,3,4,0.05013504512305367
1967,3,4,0.21942390437343307
1968,3,4,0.35312822560123536
1969,3,4,0.019388484325059796
1970,3,4,1.0582271527720346
1971,3,4,0.3001612092248078
1972,3,4,0.07738951972744179
1973,3,4,0.09301153194862799
1974,3,4,1.4446055409333387
1975,3,4,0.34026320951426026
1976,3,4,0.5043601729858576
1977,3,4,0.12555913933758223
1978,3,4,0.025740107442223215
1979,3,4,0.9057376837161548
1980,3,4,0.766066678896747
1981,3,4,1.2768787963536339
1982,3,4,0.03615168309960015
1983,3,4,0.4093465910205192
1984,3,4,0.8250109484724195
1985,3,4,0.95133555555814
1986,3,4,1.6230043729063972
1987,3,4,0.7973164429717186
1988,3,4,0.37681617117407806
1989,3,4,0.3702266610597976
1990,3,4,1.1259352991735305
1991,3,4,1.2054397384062259
1992,3,4,0.39238202206982353
1993,3,4,0.6510652703314366
1994,3,4,0.0535967719358551
1995,3,4,0.19458716539580534
1996,3,4,0.6278236065172744
1997,3,4,0.5513424614625171
1998,3,4,0.4162611092636287
1999,3,4,0.15302684316291082
2000,3,4,0.2874700885480428
2001,3,4,0.09038172647091836
2002,3,4,0.12983930555926204
2003,3,4,0.03290040446631759
2004,3,4,0.0360293647340848
2005,3,4,0.050511526873766366
2006,3,4,0.03603310547927463
2007,3,4,0.13098313564238762
2008,3,4,0.9737699068146092
2009,3,4,0.04878354072157609
2010,3,4,0.11522137444894298
2011,3,4,0.49356579347652474
2012,3,4,0.27399809571380684
2013,3,4,0.11885249884227489
2014,3,4,1.4051962407979268
2015,3,4,1.2245852803791406
2016,3,4,0.06082008862234234
2017,3,4,0.4023374906808579
2018,3,4,0.8928493010541104
2019,3,4,0.842853353032065
2020,3,4,0.15951510968221527
2021,3,4,0.17594572144902698
2022,3,4,0.061040927036159154
2023,3,4,0.5532531319980769
2024,3,4,0.24247220472629416
2025,3,4,0.3225410328666569
2026,3,4,0.09298131351932193
2027,3,4,0.7388335969726308
2028,3,4,0.426450991746825
2029,3,4,0.39409804131316384
2030,3,4,1.173710476257205
2031,3,4,0.09209570513168852
2032,3,4,0.0247377098749344
2033,3,4,1.6618197055244979
2034,3,4,0.02510406700688439
2035,3,4,0.3106702553620466
2036,3,4,0.4719391656846773
2037,3,4,0.025226642114876796
2038,3,4,0.0648028973044128
2039,3,4,0.721442775129569
2040,3,4,0.14700812113418116
2041,3,4,0.06712184641821162
2042,3,4,0.2992299537154469
2043,3,4,0.061324719735557864
2044,3,4,0.21606692510011305
2045,3,4,0.38508114837952123
2046,3,4,0.7029951409143502
2047,3,4,0.325641652935567
2048,3,4,0.18328044972219681
2049,3,5,0.3338561294293818
2050,3,5,0.5138049729005938
2051,3,5,0.29735823198012623
2052,3,5,0.29026096706472126
2053,3,5,0.2529626173553021
2054,3,5,0.151305210184963
2055,3,5,0.32702858951673586
2056,3,5,0.38118057893811863
2057,3,5,0.19457527036463396
2058,3,5,0.15299059985400132
2059,3,5,0.3537250241649952
2060,3,5,0.18512562398366006
2061,3,5,0.239109620601486
2062,3,5,0.41155626898646314
2063,3,5,0.13056493562374694
2064,3,5,0.08245004931251998
2065,3,5,0.47304305479545383
2066,3,5,0.6796558575823204
2067,3,5,0.15276388232895355
2068,3,5,0.33199346215404835
2069,3,5,0.1894286163000023
2070,3,5,0.3332487191220165
2071,3,5,0.2876987919536571
2072,3,5,0.14294888384468118
2073,3,5,0.13654369656535814
2074,3,5,0.31118726731442825
2075,3,5,0.4220365930787422
2076,3,5,0.5430054361943268
2077,3,5,0.32134616209087086
2078,3,5,0.07429723677788769
2079,3,5,0.23726407041166553
2080,3,5,0.17526760784730433
2081,3,5,0.2658100111831554
2082,3,5,0.465206564208696
2083,3,5,0.4356986008207351
2084,3,5,0.37198843177467733
2085,3,5,0.20364196482203778
2086,3,5,0.09681397454144236
2087,3,5,0.4460353427189294
2088,3,5,0.2891347871022223
2089,3,5,0.21764400410640117
2090,3,5,0.20677213666526817
2091,3,5,0.3934752791497038
2092,3,5,0.2095635335260757
2093,3,5,0.08271187491552823
2094,3,5,0.2820952668207778
2095,3,5,0.38362855262380546
2096,3,5,0.22920585786634073
2097,3,5,0.267183395043488
2098,3,5,0.2242387627880471
2099,3,5,0.31910630976608134
2100,3,5,0.3348507683271035
2101,3,5,0.18713428014163336
2102,3,5,0.26426732696293176
2103,3,5,0.3560536874732595
2104,3,5,0.2969479116351378
2105,3,5,0.2242983367071406
2106,3,5,0.26600829354223043
2107,3,5,0.29085985015995264
2108,3,5,0.184206730128476
2109,3,5,0.2153799018915905
2110,3,5,0.17902685904656646
2111,3,5,0.7004078613371683
2112,3,5,0.31424609682868676
2113,3,5,0.4610307520157457
2114,3,5,0.11397397303741352
2115,3,5,0.12345656854409526
2116,3,5,0.41763194596041164
2117,3,5,0.22838286287595433
2118,3,5,0.3999284909630687
2119,3,5,0.3896172094030086
2120,3,5,0.40729429947424123
2121,3,5,0.4268907665128956
2122,3,5,0.3841114088652764
2123,3,5,0.5369193625385942
2124,3,5,0.35175069149509264
2125,3,5,0.3171162876228224
2126,3,5,0.08999096928847605
2127,3,5,0.4124824607447972
2128,3,5,0.24792864951115745
2129,3,5,0.2717128694571773
2130,3,5,0.3573613443175795
2131,3,5,0.2489822526981731
2132,3,5,0.353423888596308
2133,3,5,0.13890731751085683
2134,3,5,0.3911468080738456
2135,3,5,0.6127788883119708
2136,3,5,0.12551385281699656
2137,3,5,0.334080428585635
2138,3,5,0.2959926300077791
2139,3,5,0.16436058713744495
2140,3,5,0.6158359933546531
2141,3,5,0.48719829328964415
2142,3,5,0.09193717958384973
2143,3,5,0.43751838186104197
2144,3,5,0.40733837919724336
2145,3,5,0.4032058991942793
2146,3,5,0.4439170196588883
2147,3,5,0.5328762829319315
2148,3,5,0.20579219100357127
2149,3,5,0.24540386261668767
2150,3,5,0.234796014820713
2151,3,5,0.10414921186075465
2152,3,5,0.17867669360306526
2153,3,5,0.7061862481151863
2154,3,5,0.23971944824360025
2155,3,5,0.6363962658189395
2156,3,5,0.22303823804169798
2157,3,5,0.37918056370108055
2158,3,5,0.13889322722506714
2159,3,5,0.24232157522580366
2160,3,5,0.26033542867923365
2161,3,5,0.18049558572560653
2162,3,5,0.22852717401255007
2163,3,5,0.07000656847039322
2164,3,5,0.28185802174443786
2165,3,5,0.4308133370260504
2166,3,5,0.1893144381402776
2167,3,5,0.3686781395037497
2168,3,5,0.44496181782285815
2169,3,6,0.2925178347051278
2170,3,6,0.3993312235751385
2171,3,6,0.27512195813876794
2172,3,6,0.25921767576179655
2173,3,6,0.24315744478127543
2174,3,6,0.11762987194830776
2175,3,6,0.34902112420336184
2176,3,6,0.29637945199211213
2177,3,6,0.19126333404511386
2178,3,6,0.13357499103476034
2179,3,6,0.42730051185311835
2180,3,6,0.146737521110208
2181,3,6,0.22912222011743677
2182,3,6,0.2891409944216441
2183,3,6,0.10820348712822225
2184,3,6,0.061469935363019146
2185,3,6,0.44018304789842544
2186,3,6,0.6178366519097863
2187,3,6,0.14305113779476586
2188,3,6,0.35353445592247723
2189,3,6,0.1713220511345821
2190,3,6,0.3073648648354357
2191,3,6,0.2824489941940729
2192,3,6,0.14309240246152966
2193,3,6,0.11364417612141398
2194,3,6,0.30829860752553107
2195,3,6,0.3201227548384198
2196,3,6,0.5350023848112591
2197,3,6,0.2734474455598568
2198,3,6,0.05453790902905564
2199,3,6,0.260008030163153
2200,3,6,0.1270522052694273
2201,3,6,0.2147255462509099
2202,3,6,0.39049044871762595
2203,3,6,0.41626952393827277
2204,3,6,0.33024204859652606
2205,3,6,0.16625425765887925
2206,3,6,0.08095319759613584
2207,3,6,0.4511880804616676
2208,3,6,0.29206948553985945
2209,3,6,0.22196956132270806
2210,3,6,0.19255265477387418
2211,3,6,0.33617251546519367
2212,3,6,0.15794826199719048
2213,3,6,0.057318984828982344
2214,3,6,0.2787849154581047
2215,3,6,0.34796002015407357
2216,3,6,0.1744359295549851
2217,3,6,0.28485378105581305
2218,3,6,0.21485217176971505
2219,3,6,0.3034885136316483
2220,3,6,0.2949791058955573
2221,3,6,0.16226645934565553
2222,3,6,0.19484442543247815
2223,3,6,0.31976098536024367
2224,3,6,0.2962953351120923
2225,3,6,0.17919329849363064
2226,3,6,0.19305900468589965
2227,3,6,0.28030936946258256
2228,3,6,0.1786820840407205
2229,3,6,0.18745990759326991
2230,3,6,0.1552829375729089
2231,3,6,0.682352942421576
2232,3,6,0.29052670908013467
2233,3,6,0.4291017873216558
2234,3,6,0.10014832545025487
2235,3,6,0.09946727477622541
2236,3,6,0.32728491311262564
2237,3,6,0.1814545683875627
2238,3,6,0.37882825655896646
2239,3,6,0.39051057888438945
2240,3,6,0.3659760429775055
2241,3,6,0.3949413638274357
2242,3,6,0.3021537752317094
2243,3,6,0.5214614785863532
2244,3,6,0.26483488189141136
2245,3,6,0.3079785805291656
2246,3,6,0.0889402278640663
2247,3,6,0.3456469029244731
2248,3,6,0.21878321845336135
2249,3,6,0.2731267113360394
2250,3,6,0.2742398725700572
2251,3,6,0.18701643471920648
2252,3,6,0.3247688344796227
2253,3,6,0.10629010919454895
2254,3,6,0.3322712668887655
2255,3,6,0.5683796287139704
2256,3,6,0.11179631900065046
2257,3,6,0.3073589950424851
2258,3,6,0.2685564972534744
2259,3,6,0.17686988044169683
2260,3,6,0.5565354778562621
2261,3,6,0.3887633478949344
2262,3,6,0.09329668647189959
2263,3,6,0.3373901961806419
2264,3,6,0.39305780206932694
2265,3,6,0.3946332663881402
2266,3,6,0.4022921792967773
2267,3,6,0.4897130864412099
2268,3,6,0.23240952287119532
2269,3,6,0.23597407545394167
2270,3,6,0.28435414463535635
2271,3,6,0.08565155276943437
2272,3,6,0.19921433443068515
2273,3,6,0.6505028991204573
2274,3,6,0.19964416195808132
2275,3,6,0.595329111711411
2276,3,6,0.20887981475574313
2277,3,6,0.3029440872368647
2278,3,6,0.13965743620675264
2279,3,6,0.22851412058060927
2280,3,6,0.24892462775995672
2281,3,6,0.18267049150900805
2282,3,6,0.19997333077253288
2283,3,6,0.051250958488886944
2284,3,6,0.28105970054452456
2285,3,6,0.42248248241526964
2286,3,6,0.15636672970607435
2287,3,6,0.2796555811371414
2288,3,6,0.4210921290475158
